city,state_id,lat,lng,population,density,id
Casper,WY,42.843,-106.3205,69224,881,0
Nashville,TN,36.1714,-86.7844,1065078,535,1
Dayton,OH,39.7798,-84.1999,718772,974,2
Staten Island,NY,40.5834,-74.1496,476015,3155,3
Brooklyn,NY,40.6501,-73.9496,2629150,14606,4
New York,NY,40.6943,-73.9249,19164071,10934,5
Queens,NY,40.7498,-73.7976,2333054,8247,6
Manhattan,NY,40.7834,-73.9662,1643734,27799,7
Bronx,NY,40.8501,-73.8662,1455720,13202,8
Lees Summit,MO,38.9172,-94.3816,89467,581,9
Methuen,MA,42.734,-71.1889,49917,866,10
Louisville,KY,38.1662,-85.6488,1003412,902,11
Indianapolis,IN,39.7771,-86.1458,1550488,913,12
Athens,GA,33.9508,-83.3689,137582,409,13
Augusta,GA,33.3644,-82.0708,389215,251,14
Peachtree Corners,GA,33.9668,-84.2321,42773,1020,15
Brookhaven,GA,33.8746,-84.3315,52444,1747,16
City of Milford,CT,41.2253,-73.0624,52536,926,17
Eastvale,CA,33.9617,-117.5803,61151,1864,18
Boise,ID,43.5991,-116.2306,379410,1070,19
Fairbanks,AK,64.8353,-147.6533,66996,398,20
Anchorage,AK,61.1508,-149.1091,256724,67,21
El Paso,TX,31.8478,-106.431,845059,1027,22
Oro Valley,AZ,32.4226,-110.9767,43781,476,23
Marana,AZ,32.4355,-111.1558,43474,138,24
Victoria,TX,28.8284,-96.9848,68845,705,25
Dunwoody,GA,33.9418,-84.3123,48884,1455,26
Menifee,CA,33.6909,-117.1849,88531,735,27
Los Lunas,NM,34.8092,-106.7663,66411,374,28
Castle Rock,CO,39.3761,-104.8536,57666,655,29
Parker,CO,39.5075,-104.7746,51163,927,30
Texas City,TX,29.4127,-94.9658,113847,289,31
San Antonio,TX,29.4722,-98.5247,1976787,1250,32
Sugar Land,TX,29.5956,-95.6283,88177,1013,33
San Marcos,TX,29.8766,-97.9311,72928,791,34
Temple,TX,31.1077,-97.3899,100641,407,35
San Angelo,TX,31.4424,-100.4503,100472,652,36
Waco,TX,31.5597,-97.1882,185680,583,37
Sierra Vista,AZ,31.5631,-110.3153,51927,109,38
Sahuarita,AZ,31.9328,-110.9654,46385,353,39
Tucson,AZ,32.1558,-110.8777,860333,887,40
Tyler,TX,32.3184,-95.3065,140857,714,41
Wylie,TX,33.0353,-96.517,47701,871,42
Flower Mound,TX,33.0344,-97.1147,73547,677,43
Yuma,AZ,32.599,-114.5489,137936,303,44
Vista,CA,33.1895,-117.2386,101659,2101,45
Santee,CA,32.8555,-116.9848,57834,1375,46
San Marcos,CA,33.135,-117.1743,95261,1509,47
San Diego,CA,32.8312,-117.1225,3181172,1670,48
Texarkana,TX,33.4487,-94.0814,80888,500,49
Yorba Linda,CA,33.889,-117.7714,68235,1364,50
Westminster,CA,33.7523,-117.9938,91565,3520,51
Tustin,CA,33.7309,-117.8106,80395,2791,52
Santa Ana,CA,33.7366,-117.8819,334217,4753,53
San Clemente,CA,33.4498,-117.6103,65309,1373,54
Sherman,TX,33.6266,-96.6195,66791,365,55
Gilbert,AZ,33.3103,-111.7463,237133,1346,56
Tempe,AZ,33.3881,-111.9318,182498,1762,57
Surprise,AZ,33.6802,-112.4525,132677,474,58
Scottsdale,AZ,33.6872,-111.865,246645,517,59
Buckeye,AZ,33.4318,-112.643,64629,63,60
Temecula,CA,33.4928,-117.1315,113054,1173,61
San Jacinto,CA,33.797,-116.9915,47413,711,62
Wichita Falls,TX,33.9072,-98.5293,99596,559,63
Whittier,CA,33.9678,-118.0188,86883,2289,64
West Covina,CA,34.0555,-117.9112,107847,2595,65
Torrance,CA,33.8346,-118.3417,147195,2775,66
South Gate,CA,33.9448,-118.1926,95538,5097,67
Santa Monica,CA,34.0232,-118.4813,92478,4243,68
Santa Clarita,CA,34.4119,-118.5036,266958,1332,69
Thousand Oaks,CA,34.1914,-118.8755,218548,901,70
Simi Valley,CA,34.2663,-118.749,127308,1175,71
Santa Maria,CA,34.9334,-120.4433,139270,1801,72
Santa Barbara,CA,34.4285,-119.7202,203655,1821,73
Prescott Valley,AZ,34.5983,-112.3178,94154,408,74
San Luis Obispo,CA,35.2671,-120.6689,62391,1397,75
Apple Valley,CA,34.5329,-117.2102,72553,376,76
Yucaipa,CA,34.0335,-117.0426,53309,724,77
Victorville,CA,34.5277,-117.3537,346449,643,78
Upland,CA,34.1178,-117.6603,76684,1895,79
San Bernardino,CA,34.1412,-117.2936,216239,1357,80
Santa Fe,NM,35.6619,-105.9818,110208,617,81
Stillwater,OK,36.1315,-97.074,48233,647,82
Tulsa,OK,36.1284,-95.9037,674211,790,83
Visalia,CA,36.3271,-119.3265,231159,1358,84
Tulare,CA,36.1996,-119.34,62779,1189,85
Seaside,CA,36.6224,-121.8191,118670,1433,86
Salinas,CA,36.6881,-121.6316,193126,2571,87
Watsonville,CA,36.9206,-121.7706,77266,3105,88
Santa Cruz,CA,36.9788,-122.0346,176037,1953,89
Sunnyvale,CA,37.3846,-122.0261,152771,2683,90
Santa Clara,CA,37.3646,-121.9679,125948,2641,91
San Jose,CA,37.302,-121.8488,1804359,2242,92
Selma,CA,36.5743,-119.6156,44292,1848,93
Saint George,UT,37.0769,-113.5771,111090,416,94
South San Francisco,CA,37.6537,-122.4197,66980,2817,95
San Mateo,CA,37.5522,-122.3122,103959,3309,96
San Bruno,CA,37.6254,-122.4313,42957,3037,97
San Francisco,CA,37.7561,-122.4429,3548847,7170,98
Union City,CA,37.603,-122.0187,75322,1499,99
San Leandro,CA,37.7071,-122.1601,90465,2616,100
Turlock,CA,37.5053,-120.8588,106100,1660,101
Danville,CA,37.8121,-121.9698,44631,953,102
Walnut Creek,CA,37.9025,-122.0398,69122,1350,103
San Ramon,CA,37.7625,-121.9366,75639,1567,104
Tracy,CA,37.7254,-121.4447,94277,1527,105
Stockton,CA,37.9766,-121.3111,390117,1922,106
San Rafael,CA,37.9905,-122.5222,58954,1373,107
Vallejo,CA,38.1134,-122.2359,172697,1526,108
Vacaville,CA,38.3592,-121.9686,99059,1317,109
Sacramento,CA,38.5666,-121.4683,1830061,1952,110
Santa Rosa,CA,38.4465,-122.7059,321699,1637,111
Woodland,CA,38.6712,-121.75,59117,1490,112
West Sacramento,CA,38.5556,-121.5504,52981,951,113
Yuba City,CA,39.1357,-121.6381,120159,1729,114
Westminster,CO,39.8837,-105.0627,113875,1387,115
Thornton,CO,39.9202,-104.9445,136703,1478,116
West Valley City,UT,40.6889,-112.0115,136574,1486,117
West Jordan,UT,40.6024,-112.0008,113699,1358,118
Taylorsville,UT,40.657,-111.9493,60436,2150,119
South Jordan,UT,40.5571,-111.9783,69034,1199,120
Salt Lake City,UT,40.7774,-111.9301,1061156,672,121
New Braunfels,TX,29.6995,-98.1152,73959,634,122
Sparks,NV,39.5727,-119.7131,98345,1049,123
Twin Falls,ID,42.5631,-114.4637,53412,1017,124
Springfield,OR,44.0538,-122.981,61893,1510,125
Salem,OR,44.9231,-123.0245,256175,1330,126
Tigard,OR,45.4243,-122.7827,51902,1631,127
Vancouver,WA,45.6352,-122.5972,174826,1440,128
Walla Walla,WA,46.0678,-118.3364,56509,969,129
Yakima,WA,46.5926,-120.5492,133687,1313,130
Tacoma,WA,47.2431,-122.4531,211277,1640,131
Shoreline,WA,47.7563,-122.3425,55333,1830,132
Seattle,WA,47.6217,-122.3238,3541236,3243,133
Sammamish,WA,47.6045,-122.0446,63773,1337,134
Spokane Valley,WA,47.6625,-117.2345,96340,986,135
Spokane,WA,47.6671,-117.433,400936,1213,136
Wenatchee,WA,47.4251,-120.329,71426,1667,137
Lake Havasu City,AZ,34.5006,-114.3115,54662,449,138
Kingman,AZ,35.2168,-114.0167,43548,321,139
Harlingen,TX,26.1914,-97.6977,137119,633,140
Pharr,TX,26.1687,-98.1904,77320,1267,141
Mission,TX,26.204,-98.3251,83563,907,142
McAllen,TX,26.2203,-98.2457,798187,1113,143
Edinburg,TX,26.3183,-98.1622,87650,867,144
Rio Grande City,TX,26.3808,-98.8215,48516,492,145
Laredo,TX,27.5536,-99.489,256752,1015,146
Lake Jackson,TX,29.052,-95.4518,76721,546,147
Pearland,TX,29.5585,-95.3201,113570,946,148
League City,TX,29.4873,-95.109,102010,768,149
Galveston,TX,29.2487,-94.891,46610,474,150
Missouri City,TX,29.5634,-95.5377,74561,998,151
Pasadena,TX,29.6583,-95.1498,153351,1361,152
Houston,TX,29.7871,-95.3936,5424720,1412,153
Port Arthur,TX,29.8554,-93.9264,157732,278,154
Pflugerville,TX,30.4544,-97.6053,59245,1007,155
Round Rock,TX,30.5253,-97.6659,120892,1315,156
Leander,TX,30.5707,-97.8587,42761,717,157
Georgetown,TX,30.6669,-97.694,67140,497,158
Killeen,TX,31.0758,-97.7286,243947,1034,159
Lufkin,TX,31.3206,-94.729,46325,417,160
Odessa,TX,31.8831,-102.3407,149088,1007,161
Midland,TX,32.0278,-102.1107,142680,711,162
Longview,TX,32.5192,-94.7622,100852,568,163
Rockwall,TX,32.9169,-96.4379,43586,573,164
Mesquite,TX,32.7621,-96.5888,143736,1174,165
Rowlett,TX,32.9165,-96.5494,61999,1172,166
Richardson,TX,32.9717,-96.7092,113347,1532,167
Grand Prairie,TX,32.6869,-97.0209,190682,1019,168
Garland,TX,32.91,-96.6305,234943,1590,169
North Richland Hills,TX,32.8605,-97.218,69798,1486,170
Mansfield,TX,32.5692,-97.1208,65631,696,171
Haltom City,TX,32.8176,-97.2707,44361,1387,172
Grapevine,TX,32.9343,-97.0744,51971,628,173
Fort Worth,TX,32.7813,-97.3466,854113,968,174
Euless,TX,32.8507,-97.0798,54769,1305,175
Las Cruces,NM,32.3265,-106.7893,134050,510,176
Plano,TX,33.0502,-96.7487,286057,1541,177
McKinney,TX,33.1989,-96.6678,223422,1069,178
Frisco,TX,33.1551,-96.8219,163656,935,179
Little Elm,TX,33.1792,-96.9284,42504,1125,180
Lewisville,TX,33.0453,-96.9823,104659,1101,181
El Centro,CA,32.7873,-115.5578,111733,1522,182
Maricopa,AZ,33.0447,-112.0164,45666,381,183
La Mesa,CA,32.7703,-117.0203,59948,2549,184
Poway,CA,32.9872,-117.0201,50077,494,185
Oceanside,CA,33.2247,-117.3083,175464,1642,186
National City,CA,32.6654,-117.0983,61147,3243,187
Escondido,CA,33.1349,-117.0721,151613,1579,188
Encinitas,CA,33.0492,-117.2613,63131,1295,189
El Cajon,CA,32.8017,-116.9604,103768,2767,190
Lubbock,TX,33.5665,-101.8867,261076,794,191
Lake Forest,CA,33.6606,-117.6712,83240,1932,192
Laguna Niguel,CA,33.5275,-117.705,65328,1711,193
La Habra,CA,33.9278,-117.9513,61664,3237,194
Rancho Santa Margarita,CA,33.6318,-117.5989,48969,1466,195
Placentia,CA,33.8807,-117.8553,52228,3049,196
Orange,CA,33.8038,-117.8219,140504,2139,197
Newport Beach,CA,33.6151,-117.8669,86688,1407,198
Mission Viejo,CA,33.6095,-117.655,602851,2103,199
Huntington Beach,CA,33.696,-118.0023,200652,2857,200
Garden Grove,CA,33.7787,-117.9601,174858,3759,201
Fullerton,CA,33.8841,-117.9279,140721,2422,202
Fountain Valley,CA,33.7105,-117.9514,56529,2405,203
Phoenix,AZ,33.5722,-112.0891,4054083,1204,204
Peoria,AZ,33.7844,-112.2989,164173,360,205
Mesa,AZ,33.4016,-111.718,484587,1357,206
Goodyear,AZ,33.2613,-112.3622,77258,156,207
Glendale,AZ,33.5797,-112.2246,245895,1604,208
Lake Elsinore,CA,33.6847,-117.3346,64205,646,209
Perris,CA,33.7897,-117.2233,76331,938,210
Palm Springs,CA,33.8012,-116.538,47689,195,211
Palm Desert,CA,33.7378,-116.3696,52231,752,212
Murrieta,CA,33.572,-117.1909,476630,1283,213
Moreno Valley,CA,33.9244,-117.2045,205499,1547,214
Riverside,CA,33.9382,-117.3949,2065627,1544,215
Hemet,CA,33.7352,-116.9946,175066,1168,216
Roswell,NM,33.3729,-104.5294,49540,623,217
Lancaster,CA,34.6934,-118.1753,348760,655,218
Lakewood,CA,33.8471,-118.1222,81138,3326,219
La Mirada,CA,33.9025,-118.0093,49216,2429,220
Redondo Beach,CA,33.8574,-118.3766,67867,4227,221
Rancho Palos Verdes,CA,33.7554,-118.3636,42435,1216,222
Pomona,CA,34.0585,-117.7625,152494,2565,223
Pico Rivera,CA,33.9902,-118.0888,63635,2961,224
Pasadena,CA,34.1598,-118.1389,142059,2386,225
Paramount,CA,33.8976,-118.1651,54909,4482,226
Palmdale,CA,34.5945,-118.1058,157356,573,227
Norwalk,CA,33.9069,-118.0829,106178,4222,228
Monterey Park,CA,34.0497,-118.1325,61075,3074,229
Montebello,CA,34.0155,-118.1107,63335,2934,230
Rosemead,CA,34.0688,-118.0823,54500,4076,231
Lynwood,CA,33.924,-118.2017,71187,5678,232
Los Angeles,CA,34.114,-118.4068,12740381,3275,233
Long Beach,CA,33.8059,-118.161,470130,3607,234
Hawthorne,CA,33.9147,-118.3476,88031,5589,235
Glendora,CA,34.1449,-117.8466,51851,1031,236
Glendale,CA,34.1818,-118.2468,200831,2547,237
Gardena,CA,33.8944,-118.3073,60048,3977,238
El Monte,CA,34.0739,-118.0291,115807,4675,239
Lawton,OK,34.6171,-98.4204,92299,450,240
Oxnard,CA,34.1961,-119.1821,385837,2984,241
Lompoc,CA,34.6617,-120.4714,53062,1455,242
Norman,OK,35.2335,-97.3471,114444,263,243
Moore,OK,35.3294,-97.4758,61415,1086,244
Prescott,AZ,34.5799,-112.4476,42513,396,245
Oklahoma City,OK,35.4677,-97.5138,948154,406,246
Midwest City,OK,35.463,-97.371,57305,906,247
Edmond,OK,35.6689,-97.4159,91191,415,248
Redlands,CA,34.0512,-117.171,71288,763,249
Rancho Cucamonga,CA,34.1246,-117.5662,176534,1709,250
Ontario,CA,34.0393,-117.6064,173212,1339,251
Rialto,CA,34.1128,-117.3885,103314,1785,252
Highland,CA,34.1113,-117.1653,54939,1131,253
Hesperia,CA,34.3974,-117.3144,93724,495,254
Fontana,CA,34.0967,-117.4599,209665,1879,255
Rio Rancho,NM,35.2873,-106.6979,96028,358,256
Hanford,CA,36.326,-119.6539,90515,1276,257
Enid,OK,36.4061,-97.8701,49176,266,258
Porterville,CA,36.0636,-119.0332,76512,1293,259
Las Vegas,NV,36.2288,-115.2603,2044731,1829,260
North Las Vegas,NV,36.288,-115.0901,238702,940,261
Henderson,NV,36.0145,-115.0362,292969,1080,262
Hollister,CA,36.8564,-121.3981,45496,1994,263
Farmington,NM,36.7559,-108.1827,48137,472,264
Flagstaff,AZ,35.1867,-111.6175,78065,428,265
Palo Alto,CA,37.3917,-122.1465,67024,1084,266
Mountain View,CA,37.4001,-122.0796,80447,2589,267
Morgan Hill,CA,37.1324,-121.641,44155,1337,268
Milpitas,CA,37.4338,-121.8921,77528,2204,269
Gilroy,CA,37.0048,-121.5843,111004,1317,270
Reedley,CA,36.5988,-119.4473,48897,1833,271
Fresno,CA,36.7834,-119.7933,690895,1774,272
Merced,CA,37.3057,-120.4779,143272,1372,273
Redwood City,CA,37.5026,-122.2251,84950,1684,274
Madera,CA,36.964,-120.0803,82278,1575,275
Pleasanton,CA,37.666,-121.8805,82270,1300,276
Oakland,CA,37.7903,-122.2165,420005,2901,277
Newark,CA,37.5204,-122.0312,45810,1274,278
Livermore,CA,37.6863,-121.7607,89840,1280,279
Hayward,CA,37.6327,-122.0776,158937,1351,280
Fremont,CA,37.5256,-121.987,233136,1162,281
Modesto,CA,37.6371,-121.003,377755,1831,282
Pittsburg,CA,38.019,-121.897,70679,1587,283
Richmond,CA,37.9477,-122.339,109813,1410,284
Manteca,CA,37.7938,-121.2271,95797,1445,285
Lodi,CA,38.1218,-121.2933,71515,1825,286
Novato,CA,38.092,-122.5576,56004,787,287
Pueblo,CO,38.2701,-104.613,141280,794,288
Fairfield,CA,38.2593,-122.0319,145665,1083,289
Rancho Cordova,CA,38.5739,-121.2521,72326,801,290
Folsom,CA,38.6751,-121.1476,77271,1359,291
Elk Grove,CA,38.416,-121.3841,169743,1553,292
Petaluma,CA,38.2423,-122.6267,66940,1624,293
Rohnert Park,CA,38.348,-122.6964,42622,2349,294
Napa,CA,38.2982,-122.3011,87733,1738,295
Roseville,CA,38.7683,-121.3164,132671,1213,296
Rocklin,CA,38.8078,-121.2491,62787,1240,297
Lincoln,CA,38.8749,-121.2943,47030,903,298
Grand Junction,CO,39.0881,-108.5675,135389,613,299
Littleton,CO,39.5912,-105.0193,46333,1404,300
Lakewood,CO,39.6977,-105.117,154393,1390,301
Oroville,CA,39.5,-121.5647,45445,556,302
Lafayette,CO,39.9946,-105.0996,91767,1167,303
Longmont,CO,40.1691,-105.0995,97835,1312,304
Provo,UT,40.2458,-111.6457,501690,1083,305
Orem,UT,40.2988,-111.699,97499,2065,306
Lehi,UT,40.414,-111.8729,61130,862,307
Murray,UT,40.6498,-111.8875,49230,1542,308
Riverton,UT,40.5176,-111.9635,42838,1308,309
Loveland,CO,40.4168,-105.0622,76897,874,310
Fort Collins,CO,40.5487,-105.0656,301581,1154,311
Greeley,CO,40.415,-104.7697,131900,839,312
Layton,UT,41.0773,-111.9618,75655,1326,313
Redding,CA,40.5698,-122.365,120288,594,314
Ogden,UT,41.2281,-111.9677,571457,1230,315
Reno,NV,39.5487,-119.8486,427007,882,316
Logan,UT,41.7403,-111.8418,99909,1114,317
Grants Pass,OR,42.4334,-123.3318,55265,1272,318
Medford,OR,42.3372,-122.8537,167922,1223,319
Klamath Falls,OR,42.2193,-121.7755,42791,416,320
Meridian,ID,43.6182,-116.398,95623,1351,321
Nampa,ID,43.5833,-116.5641,169761,1136,322
Roseburg,OR,43.2228,-123.3519,44176,830,323
Eugene,OR,44.0562,-123.1172,263860,1459,324
Portland,OR,45.5372,-122.65,2027629,1851,325
Gresham,OR,45.5023,-122.4414,111523,1849,326
Hillsboro,OR,45.5289,-122.9373,105164,1671,327
Longview,WA,46.1471,-122.9642,65156,991,328
Lewiston,ID,46.3936,-116.9935,53520,736,329
Richland,WA,46.2828,-119.2939,54989,546,330
Pasco,WA,46.2499,-119.1271,70579,843,331
Lacey,WA,47.0444,-122.7933,47688,1139,332
Olympia,WA,47.0417,-122.8958,194532,1086,333
Lakewood,WA,47.1627,-122.5299,60665,1363,334
Missoula,MT,46.8687,-114.0089,89017,966,335
Great Falls,MT,47.5016,-111.2993,65960,1012,336
Kirkland,WA,47.6996,-122.1982,87701,1900,337
Redmond,WA,47.6776,-122.1176,62458,1464,338
Renton,WA,47.4757,-122.1904,100953,1663,339
Federal Way,WA,47.3091,-122.3358,96757,1677,340
Helena,MT,46.5963,-112.0196,49812,729,341
Marysville,WA,48.0812,-122.1559,163547,1261,342
Everett,WA,47.9524,-122.1672,109043,1271,343
Mount Vernon,WA,48.4203,-122.3114,68613,1093,344
Bullhead City,AZ,35.1205,-114.546,49184,259,345
Brownsville,TX,25.9981,-97.4566,228534,535,346
Corpus Christi,TX,27.7173,-97.3822,341570,720,347
Eagle Pass,TX,28.7118,-100.4832,54091,1158,348
Baytown,TX,29.7607,-94.9628,75992,761,349
Beaumont,TX,30.0849,-94.1451,147935,556,350
Del Rio,TX,29.3706,-100.8798,44414,683,351
Austin,TX,30.3038,-97.7545,1633847,1170,352
Conroe,TX,30.3174,-95.4705,82286,583,353
Cedar Park,TX,30.5133,-97.818,68918,1120,354
College Station,TX,30.5857,-96.296,204710,855,355
Bryan,TX,30.6661,-96.367,83260,710,356
Abilene,TX,32.4543,-99.7384,115285,442,357
Burleson,TX,32.52,-97.3341,45016,667,358
DeSoto,TX,32.5992,-96.8634,52599,939,359
Dallas,TX,32.7938,-96.7659,5634307,1490,360
Irving,TX,32.8584,-96.9702,238289,1372,361
Carrollton,TX,32.9885,-96.9001,133351,1419,362
Cedar Hill,TX,32.5809,-96.9592,48343,520,363
Keller,TX,32.9337,-97.2256,46646,975,364
Bedford,TX,32.8464,-97.135,49528,1909,365
Arlington,TX,32.6998,-97.1251,392772,1581,366
Allen,TX,33.1087,-96.6735,99179,1451,367
Denton,TX,33.2165,-97.1411,432200,554,368
Casa Grande,AZ,32.907,-111.7623,57635,190,369
Carlsbad,CA,33.1246,-117.2836,113952,1166,370
Chula Vista,CA,32.6281,-117.0144,267172,2078,371
Cypress,CA,33.8171,-118.0386,48906,2854,372
Costa Mesa,CA,33.6667,-117.9135,112822,2770,373
Irvine,CA,33.6772,-117.7738,266122,1566,374
Buena Park,CA,33.8572,-118.0046,83156,3052,375
Brea,CA,33.9255,-117.8654,42471,1344,376
Anaheim,CA,33.839,-117.8572,351043,2712,377
Aliso Viejo,CA,33.5792,-117.729,51424,2869,378
Avondale,AZ,33.3858,-112.3236,214235,707,379
Chandler,AZ,33.2828,-111.8517,247477,1474,380
Desert Hot Springs,CA,33.955,-116.543,43327,364,381
Corona,CA,33.8623,-117.5642,166785,1658,382
Indio,CA,33.7346,-116.2347,402166,1028,383
Beaumont,CA,33.9052,-116.976,45349,565,384
Coachella,CA,33.691,-116.1451,44953,599,385
Cathedral City,CA,33.8363,-116.4662,54056,970,386
Downey,CA,33.9379,-118.1312,113267,3524,387
Diamond Bar,CA,33.9992,-117.8161,56793,1473,388
Covina,CA,34.0903,-117.8817,48549,2667,389
Compton,CA,33.893,-118.2275,97550,3761,390
Inglewood,CA,33.9566,-118.3444,110654,4711,391
Huntington Park,CA,33.98,-118.2167,58879,7546,392
Burbank,CA,34.188,-118.3234,104447,2325,393
Bellflower,CA,33.888,-118.1271,77790,4909,394
Bell Gardens,CA,33.9663,-118.155,42806,6722,395
Baldwin Park,CA,34.0829,-117.972,76464,4452,396
Azusa,CA,34.1386,-117.9124,49628,1984,397
Arcadia,CA,34.1342,-118.0373,58523,2068,398
Alhambra,CA,34.084,-118.1355,85474,4324,399
Cerritos,CA,33.8677,-118.0686,50555,2237,400
Carson,CA,33.8374,-118.2559,92797,1913,401
Camarillo,CA,34.223,-119.0325,74152,1331,402
Clovis,NM,34.4375,-103.1924,43327,643,403
Albuquerque,NM,35.1055,-106.6476,759517,1147,404
Amarillo,TX,35.1999,-101.8297,205821,770,405
Delano,CA,35.767,-119.2637,54030,1422,406
Bakersfield,CA,35.3528,-119.0354,567585,977,407
Arroyo Grande,CA,35.1243,-120.5849,54542,1197,408
Colton,CA,34.0538,-117.3254,54712,1378,409
Chino Hills,CA,33.9508,-117.7254,78822,681,410
Chino,CA,33.9836,-117.6653,87776,1142,411
Broken Arrow,OK,36.0367,-95.7808,107403,672,412
Cupertino,CA,37.3167,-122.0465,60643,2070,413
Clovis,CA,36.8283,-119.6851,106583,1709,414
Daly City,CA,37.6863,-122.4684,106472,5380,415
Dublin,CA,37.7161,-121.8962,59583,1510,416
Berkeley,CA,37.8723,-122.276,121240,4472,417
Alameda,CA,37.767,-122.2673,78906,2917,418
Ceres,CA,37.5954,-120.9624,48278,1998,419
Concord,CA,37.9722,-122.0016,649437,1627,420
Brentwood,CA,37.9356,-121.719,60532,1573,421
Antioch,CA,37.9789,-121.7958,300780,1456,422
Citrus Heights,CA,38.6948,-121.288,87432,2372,423
Davis,CA,38.5552,-121.7365,75553,2659,424
Colorado Springs,CO,38.8673,-104.7605,624789,919,425
Aurora,CO,39.7085,-104.7274,361710,909,426
Centennial,CO,39.5927,-104.8674,109932,1449,427
Denver,CO,39.7621,-104.8759,2741534,1745,428
Arvada,CO,39.8321,-105.1508,117453,1182,429
Commerce City,CO,39.8638,-104.8434,54869,606,430
Broomfield,CO,39.9541,-105.0526,66529,778,431
Chico,CA,39.7568,-121.816,104302,1072,432
Boulder,CO,40.0274,-105.2514,127190,1678,433
Draper,UT,40.4956,-111.8607,47328,607,434
Bountiful,UT,40.8722,-111.8647,44078,1288,435
Cheyenne,WY,41.1418,-104.7943,79217,929,436
Idaho Falls,ID,43.4878,-112.0359,96166,1029,437
Caldwell,ID,43.6458,-116.6595,53149,926,438
Bend,OR,44.0562,-121.3087,99634,1065,439
Corvallis,OR,44.5697,-123.2781,65465,1548,440
Albany,OR,44.6274,-123.0966,60463,1171,441
Beaverton,OR,45.4779,-122.8168,97590,1930,442
Bozeman,MT,45.6828,-111.0545,52391,879,443
Billings,MT,45.7892,-108.5498,121550,985,444
Kennewick,WA,46.1979,-119.1732,229624,1134,445
Kent,WA,47.3887,-122.2128,127514,1459,446
Burien,WA,47.4761,-122.3393,50997,1958,447
Bothell,WA,47.774,-122.2039,44546,1291,448
Bellevue,WA,47.5953,-122.155,141400,1630,449
Auburn,WA,47.3039,-122.2108,77472,1008,450
Bremerton,WA,47.5436,-122.7121,214549,552,451
Coeur d'Alene,ID,47.7041,-116.7928,112088,1245,452
Bellingham,WA,48.7534,-122.4683,123933,1249,453
Wellington,FL,26.6464,-80.2708,63900,546,454
Pinehurst,NC,35.1922,-79.4682,44070,370,455
Smyrna,TN,35.9732,-86.5242,48596,629,456
Mount Pleasant,SC,32.8532,-79.8269,84170,720,457
Cutler Bay,FL,25.5765,-80.3357,44707,1756,458
Davie,FL,26.0789,-80.287,101871,1127,459
Jupiter,FL,26.9195,-80.1123,63813,1127,460
Hilton Head Island,SC,32.1896,-80.7499,75328,378,461
Summerville,SC,33.0038,-80.1794,49323,1032,462
Morehead City,NC,34.7307,-76.7383,48637,515,463
Collierville,TN,35.0474,-89.6989,49177,526,464
Huntersville,NC,35.4055,-80.8741,54839,530,465
Cary,NC,35.7815,-78.8162,162320,1128,466
Chapel Hill,NC,35.9271,-79.0387,59246,1080,467
Weston,FL,26.1003,-80.4052,70015,1109,468
Tamarac,FL,26.2057,-80.2547,65199,2165,469
Sunrise,FL,26.1547,-80.2998,93734,2214,470
Margate,FL,26.2465,-80.2119,57870,2522,471
West Palm Beach,FL,26.7468,-80.1315,108161,756,472
Sarasota,FL,27.3391,-82.5439,701487,1488,473
Sebring,FL,27.4771,-81.453,62473,408,474
Tampa,FL,27.9937,-82.4454,2744107,1283,475
Saint Petersburg,FL,27.7931,-82.6652,260999,1631,476
Saint Cloud,FL,28.2297,-81.2853,47809,1022,477
Winter Haven,FL,28.0126,-81.7021,231412,480,478
Zephyrhills,FL,28.2404,-82.1796,74712,614,479
Titusville,FL,28.5725,-80.8193,57193,605,480
Melbourne,FL,28.1152,-80.653,81185,835,481
Sanford,FL,28.7892,-81.276,58605,982,482
Saint Augustine,FL,29.8979,-81.31,76129,584,483
Tallahassee,FL,30.4549,-84.2527,252825,733,484
Slidell,LA,30.2881,-89.7828,94320,728,485
Mandeville,LA,30.375,-90.0906,95576,690,486
Valdosta,GA,30.8503,-83.2789,79844,608,487
Savannah,GA,32.0282,-81.1784,280692,548,488
Warner Robins,GA,32.5981,-83.6528,148686,795,489
Shreveport,LA,32.4659,-93.7959,291749,702,490
Smyrna,GA,33.864,-84.5169,56664,1424,491
Marietta,GA,33.9532,-84.542,60941,1011,492
Sumter,SC,33.9393,-80.3929,73468,487,493
Sandy Springs,GA,33.9366,-84.3703,105703,1083,494
Wilmington,NC,34.21,-77.886,242770,879,495
Tupelo,MS,34.2637,-88.7298,46095,293,496
Madison,AL,34.7113,-86.7617,47959,625,497
Southaven,MS,34.9514,-89.9787,53214,497,498
Little Rock,AR,34.7255,-92.3584,442554,645,499
Spartanburg,SC,34.9437,-81.9256,185031,739,500
Mauldin,SC,34.7864,-82.2997,132708,983,501
Memphis,TN,35.1047,-89.9773,1069661,794,502
Wilson,NC,35.7311,-77.9284,49644,628,503
Apex,NC,35.7248,-78.866,47349,1057,504
Springdale,AR,36.1897,-94.1574,78557,652,505
Winston-Salem,NC,36.1029,-80.261,412490,705,506
Lexington,KY,38.0423,-84.4587,312495,433,507
North Charleston,SC,32.9086,-80.0705,109298,572,508
Charleston,SC,32.8137,-79.9643,613847,475,509
Homestead,FL,25.4664,-80.4472,67996,1734,510
Hialeah,FL,25.8696,-80.3045,236387,4249,511
North Miami Beach,FL,25.9302,-80.166,43891,3509,512
North Miami,FL,25.9008,-80.1686,62139,2833,513
Miami Gardens,FL,25.9433,-80.2425,113058,2394,514
Miami Beach,FL,25.8171,-80.1396,91917,4618,515
Miami,FL,25.784,-80.2102,6247425,4866,516
Doral,FL,25.815,-80.3565,57947,1610,517
Coral Gables,FL,25.7037,-80.2715,50815,1517,518
Lauderhill,FL,26.1605,-80.2241,71626,3244,519
Hollywood,FL,26.0293,-80.1679,151998,2151,520
Pompano Beach,FL,26.2428,-80.1312,109393,1756,521
Plantation,FL,26.126,-80.2617,92706,1654,522
Pembroke Pines,FL,26.0127,-80.3384,168587,1978,523
Oakland Park,FL,26.1779,-80.1527,44326,2277,524
North Lauderdale,FL,26.2113,-80.2209,43699,3666,525
Miramar,FL,25.9773,-80.3357,138449,1819,526
Deerfield Beach,FL,26.305,-80.1278,79764,2040,527
Coral Springs,FL,26.2702,-80.2593,130059,2110,528
Coconut Creek,FL,26.2803,-80.1842,59405,1934,529
Cape Coral,FL,26.644,-81.9961,617896,657,530
Palm Beach Gardens,FL,26.8489,-80.1654,53778,370,531
Delray Beach,FL,26.455,-80.0905,67371,1633,532
North Port,FL,27.0577,-82.1976,190003,249,533
Port Saint Lucie,FL,27.2795,-80.3882,422966,602,534
Largo,FL,27.9088,-82.7714,83065,1760,535
Pinellas Park,FL,27.8586,-82.7075,52137,1281,536
Clearwater,FL,27.9787,-82.7623,114361,1708,537
Kissimmee,FL,28.3042,-81.4164,365099,1287,538
Lakeland,FL,28.0556,-81.9542,286876,626,539
Orlando,FL,28.4801,-81.3448,1757288,1041,540
Ocoee,FL,28.5785,-81.5336,44820,1144,541
Palm Bay,FL,27.9861,-80.6628,483098,646,542
Leesburg,FL,28.7674,-81.8983,146398,272,543
Port Orange,FL,29.1084,-81.0136,61105,879,544
Deltona,FL,28.9051,-81.2134,192730,927,545
Daytona Beach,FL,29.1959,-81.0935,66645,440,546
Ocala,FL,29.1803,-82.1487,165111,508,547
Palm Coast,FL,29.5403,-81.2468,395224,346,548
Houma,LA,29.5799,-90.7058,146174,910,549
Kenner,LA,30.0109,-90.2549,67089,1742,550
Lafayette,LA,30.2097,-92.0314,267376,915,551
Lake Charles,LA,30.203,-93.215,153097,704,552
Panama City,FL,30.1985,-85.6153,147788,495,553
Jacksonville,FL,30.3322,-81.6749,1141459,454,554
Pascagoula,MS,30.3665,-88.5507,49504,551,555
Pensacola,FL,30.4427,-87.1886,352187,918,556
Hinesville,GA,31.8269,-81.6216,51673,613,557
Jackson,MS,32.3163,-90.2124,342607,588,558
Columbus,GA,32.51,-84.8771,263737,352,559
Monroe,LA,32.5184,-92.0775,117673,649,560
Carrollton,GA,33.5819,-85.0837,46695,459,561
Hoover,AL,33.3761,-86.8065,84978,698,562
Johns Creek,GA,34.0333,-84.2027,83873,1051,563
Roswell,GA,34.0391,-84.3513,94598,897,564
Columbia,SC,34.0366,-80.9043,571249,388,565
Myrtle Beach,SC,33.7095,-78.8844,256079,529,566
Cartersville,GA,34.1631,-84.8007,55195,274,567
Pine Bluff,AR,34.2119,-92.0174,47784,379,568
Mishawaka,IN,41.6733,-86.1667,48679,1061,569
Rome,GA,34.2657,-85.1863,61019,442,570
Hot Springs,AR,34.4915,-93.0488,57744,406,571
Jacksonville,NC,34.7323,-77.3962,101865,562,572
Dalton,GA,34.7688,-84.9711,87688,648,573
North Little Rock,AR,34.7813,-92.2378,66278,493,574
Rock Hill,SC,34.9413,-81.026,115755,759,575
Cleveland,TN,35.1816,-84.8709,71601,635,576
Conway,AR,35.0754,-92.4696,72360,548,577
New Bern,NC,35.0956,-77.0723,51491,410,578
Chattanooga,TN,35.0657,-85.2488,403618,479,579
Kannapolis,NC,35.4766,-80.6391,47839,573,580
Concord,NC,35.3939,-80.6358,244273,567,581
Charlotte,NC,35.208,-80.8308,1438351,1065,582
Jackson,TN,35.6535,-88.8351,73860,441,583
Hickory,NC,35.7425,-81.323,215120,523,584
Jonesboro,AR,35.8211,-90.6793,72838,359,585
Raleigh,NC,35.8323,-78.6441,1005457,1225,586
Murfreesboro,TN,35.851,-86.4093,161634,911,587
Rocky Mount,NC,35.9675,-77.8047,65851,485,588
Knoxville,TN,35.969,-83.9498,581787,729,589
High Point,NC,35.9899,-79.9937,177412,778,590
Cookeville,TN,36.1485,-85.5114,47381,356,591
Morristown,TN,36.2043,-83.3,60098,419,592
Johnson City,TN,36.3404,-82.3803,127134,599,593
Rogers,AR,36.3172,-94.1515,65021,661,594
Kingsport,TN,36.522,-82.5452,116745,381,595
Clarksville,TN,36.5696,-87.3428,179367,590,596
Hendersonville,TN,36.3063,-86.5997,57050,700,597
Paducah,KY,37.0711,-88.6435,49027,481,598
Owensboro,KY,37.7574,-87.1181,73011,1149,599
Fort Lauderdale,FL,26.1412,-80.1464,178752,1994,600
Bonita Springs,FL,26.3557,-81.7859,382869,545,601
Fort Myers,FL,26.6197,-81.8306,77146,751,602
Boynton Beach,FL,26.5282,-80.0812,75569,1802,603
Boca Raton,FL,26.3749,-80.1078,96114,1265,604
Fort Pierce,FL,27.4263,-80.3421,45295,763,605
Richmond,IN,39.8318,-84.8904,42759,573,606
Bradenton,FL,27.49,-82.5746,55687,1505,607
Apopka,FL,28.7006,-81.5303,49458,600,608
Altamonte Springs,FL,28.6616,-81.395,43492,1858,609
Gainesville,FL,29.6814,-82.3454,198702,820,610
Biloxi,MS,30.4393,-88.9542,45975,464,611
Gulfport,MS,30.4271,-89.0703,222131,500,612
Baton Rouge,LA,30.4422,-91.1314,589675,1023,613
Hammond,LA,30.5059,-90.4561,69616,567,614
Noblesville,IN,40.0354,-86.0056,60183,726,615
Hattiesburg,MS,31.3073,-89.3169,81995,340,616
Brunswick,GA,31.145,-81.474,54213,369,617
Alexandria,LA,31.2923,-92.47,82995,650,618
Michigan City,IN,41.7098,-86.8705,65356,611,619
Albany,GA,31.5776,-84.1762,91284,517,620
Kokomo,IN,40.464,-86.1277,79048,610,621
Beaufort,SC,32.4487,-80.7102,53086,185,622
Auburn,AL,32.6084,-85.4897,88379,414,623
Bossier City,LA,32.5227,-93.6665,68485,616,624
Evansville,IN,37.9882,-87.5339,233353,974,625
Columbus,IN,39.2094,-85.9178,58406,655,626
Atlanta,GA,33.7627,-84.4231,5080712,1370,627
Alpharetta,GA,34.0704,-84.2739,65338,937,628
Florence,SC,34.1782,-79.785,92614,684,629
Gainesville,GA,34.2903,-83.8299,154859,468,630
Anderson,SC,34.521,-82.6477,78138,738,631
Greenville,SC,34.8364,-82.3649,462640,900,632
Fayetteville,NC,35.0847,-78.9777,316764,534,633
Bartlett,TN,35.2337,-89.8195,58622,701,634
Gastonia,NC,35.2495,-81.1856,178477,565,635
Fort Smith,AR,35.3494,-94.3695,125699,538,636
Goldsboro,NC,35.3777,-77.9721,59969,485,637
Asheville,NC,35.5703,-82.5536,299892,759,638
Greenville,NC,35.5958,-77.3764,127464,1015,639
Brentwood,TN,35.9917,-86.7759,42517,398,640
Franklin,TN,35.9215,-86.8522,74794,697,641
Pocatello,ID,42.8716,-112.466,70445,650,642
Fayetteville,AR,36.0713,-94.166,336152,599,643
Durham,NC,35.9801,-78.9045,400379,929,644
Burlington,NC,36.0761,-79.4692,126491,696,645
Greensboro,NC,36.096,-79.8275,331894,874,646
Bentonville,AR,36.3579,-94.2286,47093,577,647
Honolulu,HI,21.3293,-157.846,836995,2244,648
Bristol,TN,36.5572,-82.2144,70560,321,649
Bowling Green,KY,36.9725,-86.4371,87976,656,650
Elizabethtown,KY,37.7033,-85.8771,77016,427,651
Plainfield,IL,41.6202,-88.2258,42933,710,652
Bolingbrook,IL,41.6911,-88.1012,74518,1193,653
Downers Grove,IL,41.7947,-88.017,49473,1322,654
Lombard,IL,41.8739,-88.0158,43815,1652,655
Tinley Park,IL,41.5671,-87.8049,56831,1369,656
Skokie,IL,42.036,-87.74,64270,2465,657
Schaumburg,IL,42.0307,-88.0838,74446,1490,658
Palatine,IL,42.1181,-88.043,68766,1949,659
Orland Park,IL,41.6075,-87.8618,58862,1037,660
Oak Park,IL,41.8872,-87.7899,51774,4253,661
Oak Lawn,IL,41.7139,-87.7528,56257,2534,662
Mount Prospect,IL,42.0653,-87.937,54171,2021,663
Glenview,IL,42.0825,-87.8215,47475,1310,664
Hoffman Estates,IL,42.0638,-88.1463,51738,959,665
Arlington Heights,IL,42.0955,-87.9825,75525,1756,666
Round Lake Beach,IL,42.379,-88.0811,286350,2117,667
Fishers,IN,39.959,-85.968,90127,1011,668
West Lafayette,IN,40.4432,-86.9239,45872,1283,669
West Des Moines,IA,41.5527,-93.7803,64560,537,670
Urbandale,IA,41.639,-93.7814,43018,739,671
Wheaton,IL,41.856,-88.1083,53389,1828,672
Waukegan,IL,42.3697,-87.8716,88182,1416,673
Woodbury,MN,44.9056,-92.9231,68820,761,674
Springfield,MO,37.1943,-93.2916,287124,787,675
Saint Peters,MO,38.7825,-90.6061,57289,986,676
Saint Charles,MO,38.7957,-90.5155,69293,1125,677
Terre Haute,IN,39.4654,-87.3763,92841,680,678
Eureka,CA,40.7941,-124.1568,45091,1120,679
Saint Joseph,MO,39.7598,-94.821,80849,670,680
Springfield,IL,39.7713,-89.6538,160570,745,681
Quincy,IL,39.9335,-91.3796,45113,985,682
Normal,IL,40.522,-88.9877,54264,1123,683
Peoria,IL,40.7518,-89.6153,265218,914,684
Lincoln,NE,40.8102,-96.6808,280741,1183,685
Omaha,NE,41.2634,-96.0453,792463,1295,686
South Bend,IN,41.6771,-86.269,279698,950,687
Cicero,IL,41.8445,-87.7593,82992,5463,688
Rockford,IL,42.2594,-89.0646,286727,899,689
Rochester,MN,44.0152,-92.4776,114976,806,690
Mankato,MN,44.172,-93.9782,61115,871,691
Saint Paul,MN,44.9477,-93.104,302398,2246,692
Saint Louis Park,MN,44.9488,-93.365,48747,1772,693
Plymouth,MN,45.0225,-93.4617,77216,912,694
Maple Grove,MN,45.1088,-93.4626,69576,822,695
Saint Cloud,MN,45.5339,-94.1718,113649,652,696
Joplin,MO,37.0766,-94.5016,86144,548,697
Farmington,MO,37.782,-90.4287,44494,775,698
Jeffersonville,IN,38.3377,-85.7026,47124,533,699
Jefferson City,MO,38.5677,-92.1757,58439,460,700
Florissant,MO,38.7996,-90.3269,51776,1582,701
O'Fallon,MO,38.7853,-90.7178,86274,1121,702
Kansas City,MO,39.1239,-94.5541,1590762,590,703
Independence,MO,39.0871,-94.3503,117030,580,704
Lawrence,IN,39.8674,-85.9904,47866,917,705
Dublin,OH,40.1112,-83.1451,45568,715,706
Muncie,IN,40.1989,-85.395,89186,972,707
Lafayette,IN,40.399,-86.8592,157955,940,708
Montgomery,AL,32.347,-86.2663,256554,483,709
Marion,OH,40.5933,-83.1237,45718,1190,710
Fort Wayne,IN,41.0885,-85.1436,326814,923,711
Kankakee,IL,41.1019,-87.8643,78682,684,712
Gary,IN,41.5906,-87.3472,76424,591,713
Joliet,IL,41.5201,-88.1503,148262,906,714
Elkhart,IN,41.6919,-85.962,147181,792,715
Naperville,IL,41.7483,-88.1656,147122,1469,716
Elmhurst,IL,41.8973,-87.9432,46387,1745,717
Elgin,IL,42.0385,-88.3227,112123,1159,718
Evanston,IL,42.0463,-87.6942,74895,3717,719
Lakeville,MN,44.6777,-93.2522,61938,663,720
Eagan,MN,44.8168,-93.1638,66428,824,721
Minnetonka,MN,44.9324,-93.4601,52369,751,722
Minneapolis,MN,44.9635,-93.2679,2866604,2957,723
Edina,MN,44.8913,-93.3602,51350,1282,724
Eden Prairie,MN,44.8487,-93.4595,63914,758,725
Moorhead,MN,46.8674,-96.7457,42492,734,726
Duluth,MN,46.7797,-92.1334,120418,492,727
Cape Girardeau,MO,37.3107,-89.5595,55253,528,728
Carbondale,IL,37.7219,-89.2237,68540,582,729
Chesterfield,MO,38.6588,-90.5805,47659,578,730
Alton,IL,38.9033,-90.1523,80871,670,731
Blue Springs,MO,39.0124,-94.2722,54431,941,732
Columbia,MO,38.9475,-92.3263,138675,721,733
Bloomington,IN,39.1637,-86.5257,114140,1402,734
Greenwood,IN,39.6019,-86.1073,56545,782,735
Beavercreek,OH,39.7312,-84.0627,46376,677,736
Decatur,IL,39.8555,-88.9337,89653,664,737
Carmel,IN,39.9658,-86.1461,91065,740,738
Anderson,IN,40.0875,-85.6921,86565,499,739
Champaign,IL,40.1148,-88.2731,155368,1473,740
Danville,IL,40.1422,-87.6113,48785,678,741
Bloomington,IL,40.4756,-88.9698,135015,1103,742
Bellevue,NE,41.1536,-95.9357,53505,1248,743
Council Bluffs,IA,41.2369,-95.8518,62524,563,744
Hammond,IN,41.617,-87.4908,77134,1307,745
Davenport,IA,41.5558,-90.6052,288233,629,746
Des Moines,IA,41.5725,-93.6104,476689,935,747
Ankeny,IA,41.7279,-93.6033,58627,770,748
Aurora,IL,41.7638,-88.2901,201110,1729,749
DeKalb,IL,41.9299,-88.7478,67501,1096,750
Des Plaines,IL,42.0343,-87.9008,58141,1573,751
Berwyn,IL,41.8433,-87.7909,55748,5512,752
Ames,IA,42.0262,-93.6275,67841,1021,753
Apple Valley,MN,44.7456,-93.2006,51957,1188,754
Burnsville,MN,44.7648,-93.2794,61290,950,755
Bloomington,MN,44.8306,-93.315,85319,949,756
Blaine,MN,45.1696,-93.2078,62892,717,757
Coon Rapids,MN,45.1756,-93.3095,62359,1064,758
Anniston,AL,33.6713,-85.8137,76350,187,759
Birmingham,AL,33.5276,-86.7986,749299,560,760
Blacksburg,VA,37.23,-80.4277,93560,874,761
Bluefield,WV,37.2602,-81.217,43012,447,762
Beckley,WV,37.7878,-81.1841,61693,689,763
Gadsden,AL,34.009,-86.0156,62402,370,764
Salisbury,MD,38.3755,-75.5883,107026,955,765
Huntington,WV,38.4109,-82.4344,198419,1145,766
Charleston,WV,38.3484,-81.6323,146462,602,767
Daphne,AL,30.6291,-87.8872,68940,608,768
Washington,DC,38.9047,-77.0163,5191844,4301,769
Mobile,AL,30.6782,-88.1161,322496,535,770
Bowie,MD,38.9577,-76.7421,58393,1201,771
Leesburg,VA,39.1057,-77.5543,52607,1639,772
Rockville,MD,39.0834,-77.1553,66940,1906,773
Gaithersburg,MD,39.1347,-77.213,67776,2553,774
Dover,DE,39.16,-75.5204,116114,629,775
Parkersburg,WV,39.2624,-81.5419,65331,1003,776
Clarksburg,WV,39.2862,-80.323,42552,636,777
Frederick,MD,39.4334,-77.4154,152047,1179,778
Morgantown,WV,39.6379,-79.9468,73183,1193,779
Cumberland,MD,39.6515,-78.7585,49707,767,780
Hagerstown,MD,39.6401,-77.7217,186377,1284,781
Wilmington,DE,39.7349,-75.5286,71442,2529,782
Tuscaloosa,AL,33.2349,-87.5268,153060,623,783
Wheeling,WV,40.0753,-80.6951,78088,766,784
Weirton,WV,40.406,-80.5671,68173,406,785
Hempstead,NY,40.7043,-73.6193,55555,5822,786
Freeport,NY,40.6515,-73.585,43279,3606,787
Huntsville,AL,34.699,-86.6412,307319,349,788
West Haven,CT,41.2738,-72.9669,54516,1958,789
Waterbury,CT,41.5583,-73.0361,190855,1465,790
New Haven,CT,41.3112,-72.9245,563460,2684,791
Meriden,CT,41.5367,-72.7943,59622,967,792
Middletown,CT,41.5476,-72.6549,46544,438,793
Stamford,CT,41.1035,-73.5583,129113,1325,794
Norwalk,CT,41.1144,-73.4215,88438,1491,795
Danbury,CT,41.4016,-73.471,176649,782,796
Bridgeport,CT,41.1909,-73.1958,934289,3508,797
Norwich,CT,41.5495,-72.0882,204360,544,798
New Britain,CT,41.6758,-72.7862,72558,2097,799
Hartford,CT,41.7661,-72.6834,913587,2737,800
Bristol,CT,41.6812,-72.9407,60147,879,801
Brooklyn Park,MN,45.1112,-93.3505,79707,1179,802
Monroe,MI,41.9157,-83.3852,49389,841,803
Livonia,MI,42.3972,-83.3733,94041,1017,804
Detroit,MI,42.3834,-83.1024,3520589,1872,805
Dearborn Heights,MI,42.3164,-83.2769,55761,1834,806
Dearborn,MI,42.3127,-83.213,94444,1504,807
Taylor,MI,42.226,-83.2688,61177,1000,808
Port Huron,MI,42.9823,-82.4387,84361,1394,809
Traverse City,MI,44.7545,-85.6034,49690,717,810
Danville,VA,36.5831,-79.4088,48015,376,811
Chesapeake,VA,36.6778,-76.3024,237940,269,812
Suffolk,VA,36.6953,-76.6398,89273,86,813
Portsmouth,VA,36.8468,-76.354,95252,1087,814
Virginia Beach,VA,36.7335,-76.0435,1487505,699,815
Norfolk,VA,36.8945,-76.259,245115,1749,816
Hampton,VA,37.0551,-76.3629,135410,1015,817
Newport News,VA,37.1052,-76.5185,181825,1019,818
Roanoke,VA,37.2784,-79.9581,215793,904,819
Lynchburg,VA,37.4004,-79.1911,123795,630,820
Fredericksburg,VA,38.2992,-77.4871,164610,1046,821
Harrisonburg,VA,38.4362,-78.8735,72470,1182,822
Alexandria,VA,38.8184,-77.0861,155810,3997,823
Overland Park,KS,38.8871,-94.6871,188966,971,824
Olathe,KS,38.884,-94.8194,135473,865,825
Carson City,NV,39.1512,-119.7474,57522,146,826
Cincinnati,OH,39.1412,-84.506,1634573,1480,827
Middletown,OH,39.5032,-84.3659,97742,719,828
Hamilton,OH,39.3938,-84.5652,62127,1117,829
Fairfield,OH,39.3301,-84.5405,42617,788,830
Atlantic City,NJ,39.3795,-74.4524,243285,1391,831
Kettering,OH,39.6956,-84.1495,55306,1141,832
Lancaster,OH,39.7249,-82.6049,43726,816,833
Springfield,OH,39.9304,-83.7961,83115,892,834
Columbus,OH,39.9859,-82.9852,1495146,1522,835
Lancaster,PA,40.0421,-76.3012,401205,3163,836
Elizabeth,NJ,40.6655,-74.1918,128640,4032,837
Jersey City,NJ,40.7161,-74.0683,264152,6894,838
Hoboken,NJ,40.7452,-74.0279,54379,16663,839
Bayonne,NJ,40.6659,-74.1141,66238,4399,840
Youngstown,OH,41.0994,-80.6463,372039,731,841
Hackensack,NJ,40.8889,-74.0461,44756,4134,842
Clifton,NJ,40.8631,-74.1575,85845,2941,843
East Stroudsburg,PA,41.0023,-75.1779,56230,1383,844
Yonkers,NY,40.9466,-73.8674,200807,4304,845
White Plains,NY,41.022,-73.7548,58241,2302,846
Sandusky,OH,41.4472,-82.7009,47494,992,847
Strongsville,OH,41.3128,-81.8313,44631,699,848
Parma,OH,41.3842,-81.7286,79425,1531,849
Scranton,PA,41.4043,-75.6649,387448,1179,850
Warwick,RI,41.7061,-71.4334,81579,898,851
Providence,RI,41.8229,-71.4186,1198789,3760,852
East Providence,RI,41.8064,-71.3565,47337,1380,853
Cranston,RI,41.7658,-71.4858,81034,1103,854
Pawtucket,RI,41.8743,-71.3744,71427,3176,855
Adrian,MI,41.8994,-84.0447,43850,994,856
Taunton,MA,41.9036,-71.0943,56843,469,857
New Bedford,MA,41.6697,-70.9428,149390,1834,858
Benton Harbor,MI,42.116,-86.4484,60298,865,859
Kalamazoo,MI,42.2749,-85.5882,214583,1188,860
Portage,MI,42.2,-85.5907,48508,581,861
Battle Creek,MI,42.2985,-85.2295,77174,467,862
Jackson,MI,42.243,-84.4038,88394,1172,863
Ann Arbor,MI,42.2757,-83.7312,324421,1672,864
Kenosha,WI,42.5861,-87.8755,124580,1391,865
Somerville,MA,42.3908,-71.1013,81322,7617,866
Pittsfield,MA,42.4517,-73.2605,56628,408,867
Lansing,MI,42.7142,-84.5598,318278,1144,868
East Lansing,MI,42.7483,-84.4834,48870,1392,869
Sterling Heights,MI,42.581,-83.0304,132427,1400,870
Saint Clair Shores,MI,42.4922,-82.8957,59775,1978,871
Roseville,MI,42.5074,-82.937,47602,1869,872
Troy,NY,42.7354,-73.6751,49702,1852,873
Milwaukee,WI,43.064,-87.9669,1377104,2388,874
West Allis,WI,43.0068,-88.0296,60087,2037,875
Wauwatosa,WI,43.0616,-88.0347,47945,1397,876
Waukesha,WI,43.0088,-88.2462,72363,1101,877
Holland,MI,42.7676,-86.0984,101421,775,878
Nashua,NH,42.7492,-71.491,230061,1099,879
Manchester,NH,42.9844,-71.4445,159744,1288,880
Flint,MI,43.0235,-83.6921,338616,1125,881
Portsmouth,NH,43.058,-70.7826,91193,530,882
Kentwood,MI,42.8852,-85.5925,51689,954,883
Grand Rapids,MI,42.9615,-85.6557,595467,1707,884
Madison,WI,43.0809,-89.3921,434967,1268,885
Muskegon,MI,43.228,-86.256,161058,1041,886
West Bend,WI,43.4184,-88.1823,69810,812,887
Saginaw,MI,43.4199,-83.95,120088,1105,888
Dover,NH,43.1887,-70.8845,91514,450,889
East Orange,NJ,40.7651,-74.2118,64789,6417,890
Newark,NJ,40.7242,-74.1724,281764,4496,891
Lima,OH,40.7409,-84.1121,70296,1067,892
Concord,NH,43.2307,-71.5595,42821,257,893
Utica,NY,43.0961,-75.226,114350,1397,894
Midland,MI,43.6239,-84.2316,59343,475,895
Sioux Falls,SD,43.5382,-96.7315,177629,898,896
Sheboygan,WI,43.7448,-87.7317,70436,1345,897
Fond du Lac,WI,43.7719,-88.4396,54811,876,898
Bay City,MI,43.5903,-83.8886,67712,1272,899
La Crosse,WI,43.8234,-91.2279,102427,978,900
Racine,WI,42.7274,-87.8135,131517,1933,901
Beloit,WI,42.523,-89.0184,63470,818,902
Janesville,WI,42.6855,-89.0137,70299,733,903
Haverhill,MA,42.7838,-71.0871,62873,736,904
Farmington Hills,MI,42.486,-83.3771,81129,941,905
Troy,MI,42.5817,-83.1458,83641,964,906
South Lyon,MI,42.4613,-83.6526,123555,1211,907
Southfield,MI,42.4765,-83.2605,73100,1074,908
Royal Oak,MI,42.5084,-83.1539,59006,1933,909
Rochester Hills,MI,42.6645,-83.1563,73422,863,910
Pontiac,MI,42.6493,-83.2878,59698,1154,911
Novi,MI,42.4786,-83.4893,59211,756,912
Warren,MI,42.4934,-83.027,135125,1517,913
Appleton,WI,44.2775,-88.3896,221379,1173,914
Green Bay,WI,44.5151,-87.9895,208670,893,915
Stevens Point,WI,44.524,-89.5506,43735,594,916
Burlington,VT,44.4877,-73.2314,108331,1583,917
Eau Claire,WI,44.8202,-91.4948,106681,821,918
Oshkosh,WI,44.0242,-88.561,75057,1002,919
Manitowoc,WI,44.099,-87.6812,45261,717,920
Watertown,NY,43.9734,-75.9094,55436,1106,921
Rapid City,SD,44.0709,-103.22,88533,522,922
Wausau,WI,44.9616,-89.6439,74186,795,923
Florence,AL,34.83,-87.6658,78321,591,924
Bismarck,ND,46.8127,-100.7694,96857,849,925
Westland,MI,42.3192,-83.3806,81545,1541,926
New Orleans,LA,30.0687,-89.9288,1024421,892,927
Williamsburg,VA,37.2691,-76.7075,81840,658,928
Richmond,VA,37.5294,-77.4755,1041877,1440,929
Wichita,KS,37.6894,-97.344,482205,942,930
Charlottesville,VA,38.0374,-78.4856,99664,1769,931
Hutchinson,KS,38.0672,-97.9083,43507,647,932
Staunton,VA,38.1593,-79.0608,58077,471,933
Saint Louis,MO,38.6358,-90.2451,2096990,1940,934
Salina,KS,38.8143,-97.6151,47123,727,935
Shawnee,KS,39.0158,-94.8076,65194,601,936
Lenexa,KS,38.9608,-94.802,52903,598,937
Lawrence,KS,38.9603,-95.2643,95800,1072,938
Kansas City,KS,39.1234,-94.7443,151709,469,939
Winchester,VA,39.1734,-78.1745,72928,1150,940
Topeka,KS,39.0347,-95.6955,149220,804,941
Baltimore,MD,39.3051,-76.6144,2181206,2931,942
Leavenworth,KS,39.3225,-94.9246,46445,580,943
Manhattan,KS,39.1883,-96.605,57442,1108,944
Vineland,NJ,39.4652,-74.9981,94943,341,945
Dothan,AL,31.2335,-85.4066,71899,295,946
Camden,NJ,39.9361,-75.1072,74420,3220,947
York,PA,39.9651,-76.7315,232796,3199,948
Hanover,PA,39.8118,-76.9835,67480,1625,949
Newark,OH,40.0703,-82.4252,78563,913,950
Chambersburg,PA,39.9315,-77.6556,51948,1153,951
Decatur,AL,34.5733,-86.9919,69660,392,952
Trenton,NJ,40.2237,-74.764,293697,4243,953
Pottstown,PA,40.2508,-75.6445,109052,1793,954
Lebanon,PA,40.3412,-76.4228,77839,2383,955
Perth Amboy,NJ,40.5204,-74.2724,52499,4310,956
New Brunswick,NJ,40.487,-74.445,56910,4167,957
Sayreville,NJ,40.4655,-74.3237,44905,1092,958
Harrisburg,PA,40.2752,-76.8843,438995,2322,959
New Philadelphia,OH,40.486,-81.4402,46838,820,960
Pittsburgh,PA,40.4396,-79.9763,1722206,2116,961
Reading,PA,40.34,-75.9266,264736,3425,962
Monessen,PA,40.1519,-79.8828,63467,991,963
Johnstown,PA,40.3258,-78.9194,64842,1291,964
Linden,NJ,40.6251,-74.238,42457,1535,965
Plainfield,NJ,40.6153,-74.4159,50636,3246,966
Altoona,PA,40.5084,-78.401,76943,1737,967
Allentown,PA,40.5962,-75.4756,678169,2650,968
West New York,NJ,40.7856,-74.0093,53343,20707,969
Union City,NJ,40.7675,-74.0323,69296,20858,970
Bethlehem,PA,40.6266,-75.3679,75293,1521,971
Canton,OH,40.8082,-81.3678,272768,1079,972
Mansfield,OH,40.7655,-82.5276,73450,583,973
Grand Island,NE,40.9214,-98.3585,53556,670,974
Findlay,OH,41.046,-83.638,48701,835,975
Paterson,NJ,40.9147,-74.1624,147000,6734,976
Passaic,NJ,40.8574,-74.1281,70635,8666,977
State College,PA,40.791,-77.8568,87374,3555,978
Bloomsburg,PA,41.0027,-76.4561,52637,1295,979
Cuyahoga Falls,OH,41.1641,-81.5206,49206,741,980
Akron,OH,41.0802,-81.5219,565311,1230,981
New Rochelle,NY,40.9305,-73.7836,79557,2967,982
Mount Vernon,NY,40.9136,-73.8291,68344,6016,983
Hazleton,PA,40.9504,-75.9724,55301,1583,984
Philadelphia,PA,40.0076,-75.134,5591554,4511,985
Uniontown,PA,39.8994,-79.7244,49241,1880,986
Lorain,OH,41.4409,-82.184,179926,1039,987
Elyria,OH,41.3761,-82.1063,53715,1008,988
Williamsport,PA,41.2398,-77.0371,55100,1275,989
Lakewood,OH,41.4824,-81.8008,50279,3507,990
Euclid,OH,41.5904,-81.5188,47360,1720,991
Cleveland Heights,OH,41.5112,-81.5636,44633,2125,992
Cleveland,OH,41.4766,-81.6805,1731637,1917,993
Middletown,NY,41.4458,-74.4228,57478,2103,994
Toledo,OH,41.6639,-83.582,492237,1332,995
Mentor,OH,41.6895,-81.3361,46732,677,996
Iowa City,IA,41.6558,-91.5304,116891,1109,997
Poughkeepsie,NY,41.6949,-73.921,391552,2271,998
Fall River,MA,41.7136,-71.1014,88930,1036,999
Attleboro,MA,41.9311,-71.295,44434,639,1000
Chicago,IL,41.8373,-87.6861,8639278,4585,1001
Kingston,NY,41.9295,-73.9968,55793,1197,1002
Erie,PA,42.1167,-80.0731,190443,1989,1003
Elmira,NY,42.0938,-76.8097,65104,1488,1004
Cedar Rapids,IA,41.9667,-91.6781,184610,715,1005
Brockton,MA,42.0821,-71.0242,95630,1731,1006
Springfield,MA,42.1155,-72.5395,625300,1866,1007
Chicopee,MA,42.1764,-72.5719,55991,946,1008
Quincy,MA,42.2516,-71.0183,93688,2183,1009
Binghamton,NY,42.1014,-75.9092,152392,1681,1010
Revere,MA,42.4188,-71.004,53157,3608,1011
Boston,MA,42.3189,-71.0838,4556916,5373,1012
Sioux City,IA,42.4959,-96.3901,106740,547,1013
Ithaca,NY,42.4442,-76.5032,54992,2203,1014
Waterloo,IA,42.492,-92.3522,112635,427,1015
Dubuque,IA,42.5007,-90.7064,68873,742,1016
Leominster,MA,42.5209,-71.7717,119538,558,1017
Worcester,MA,42.2705,-71.8079,495856,1906,1018
Newton,MA,42.3317,-71.2085,89045,1927,1019
Medford,MA,42.4234,-71.1087,57213,2726,1020
Malden,MA,42.4305,-71.0576,60840,4657,1021
Cambridge,MA,42.3758,-71.1184,110651,6686,1022
Waltham,MA,42.3889,-71.2423,63002,1910,1023
Lowell,MA,42.6389,-71.3217,110558,3142,1024
Everett,MA,42.4064,-71.0544,46340,5223,1025
Albany,NY,42.6664,-73.7987,596419,1771,1026
Peabody,MA,42.5335,-70.9724,52491,1250,1027
Salem,MA,42.513,-70.9021,43132,2011,1028
Lynn,MA,42.4778,-70.9662,92697,3332,1029
Lawrence,MA,42.7003,-71.1626,80209,4471,1030
Schenectady,NY,42.8025,-73.9276,64913,2322,1031
Buffalo,NY,42.9016,-78.8487,920136,2456,1032
Syracuse,NY,43.0409,-76.1438,407208,2210,1033
Wyoming,MI,42.8909,-85.7067,75567,1185,1034
Rochester,NY,43.1681,-77.6162,714852,2253,1035
Niagara Falls,NY,43.0921,-79.0147,48632,1333,1036
Saratoga Springs,NY,43.0674,-73.7775,66945,381,1037
Glens Falls,NY,43.3109,-73.6459,63793,1436,1038
Portland,ME,43.6772,-70.2713,206193,1199,1039
Lewiston,ME,44.0915,-70.1681,58664,408,1040
Bangor,ME,44.8322,-68.7906,59259,360,1041
Fargo,ND,46.8654,-96.829,202146,952,1042
Grand Forks,ND,47.912,-97.0751,66487,1097,1043
Minot,ND,48.2375,-101.2779,50845,700,1044